<?xml version="1.0" encoding="UTF-8" standalone="yes"?>
<ns2:ExportManifest xmlns:ns2="http://www.pentaho.com/schema/">
    <ExportManifestInformation exportDate="08-04-2022 08:55:16 BRT" exportBy="admin" rootFolder="/public/sucos/paineis/" manifestVersion="2"/>
    <ExportManifestEntity path="Consulta02.cda">
        <ExportManifestProperty>
            <EntityMetaData name="Consulta02.cda" createdDate="2022-04-08T08:19:58.628-03:00" isFolder="false" path="Consulta02.cda" isHidden="false" isSchedulable="true" locale="pt_BR" title="Consulta02.cda"/>
        </ExportManifestProperty>
        <ExportManifestProperty>
            <EntityAcl>
                <entriesInheriting>true</entriesInheriting>
                <owner>admin</owner>
                <ownerType>USER</ownerType>
            </EntityAcl>
        </ExportManifestProperty>
    </ExportManifestEntity>
</ns2:ExportManifest>
