<?xml version="1.0" encoding="UTF-8" standalone="yes"?>
<ns2:ExportManifest xmlns:ns2="http://www.pentaho.com/schema/">
    <ExportManifestInformation exportDate="07-04-2022 09:50:32 BRT" exportBy="admin" rootFolder="/public/sucos/paineis/" manifestVersion="2"/>
    <ExportManifestEntity path="Consulta01.cdfde">
        <ExportManifestProperty>
            <EntityMetaData name="Consulta01.cdfde" createdDate="2022-04-07T21:30:58.488-03:00" isFolder="false" path="Consulta01.cdfde" isHidden="false" isSchedulable="true" locale="pt_BR" title="Consulta01.cdfde"/>
        </ExportManifestProperty>
        <ExportManifestProperty>
            <EntityAcl>
                <entriesInheriting>true</entriesInheriting>
                <owner>admin</owner>
                <ownerType>USER</ownerType>
            </EntityAcl>
        </ExportManifestProperty>
    </ExportManifestEntity>
</ns2:ExportManifest>
