<?xml version="1.0" encoding="UTF-8" standalone="yes"?>
<ns2:ExportManifest xmlns:ns2="http://www.pentaho.com/schema/">
    <ExportManifestInformation exportDate="08-04-2022 09:53:42 BRT" exportBy="admin" rootFolder="/public/sucos/paineis/" manifestVersion="2"/>
    <ExportManifestEntity path="Consulta03.wcdf">
        <ExportManifestProperty>
            <EntityMetaData name="Consulta03.wcdf" createdDate="2022-04-08T09:15:53.196-03:00" isFolder="false" path="Consulta03.wcdf" isHidden="false" isSchedulable="true" locale="pt_BR" description="Consulta03" title="Consulta03"/>
        </ExportManifestProperty>
        <ExportManifestProperty>
            <EntityAcl>
                <entriesInheriting>true</entriesInheriting>
                <owner>admin</owner>
                <ownerType>USER</ownerType>
            </EntityAcl>
        </ExportManifestProperty>
    </ExportManifestEntity>
</ns2:ExportManifest>
