<?xml version="1.0" encoding="UTF-8" standalone="yes"?>
<ns2:ExportManifest xmlns:ns2="http://www.pentaho.com/schema/">
    <ExportManifestInformation exportDate="07-04-2022 09:50:30 BRT" exportBy="admin" rootFolder="/public/sucos/paineis/" manifestVersion="2"/>
    <ExportManifestEntity path="Consulta01.cda">
        <ExportManifestProperty>
            <EntityMetaData name="Consulta01.cda" createdDate="2022-04-07T21:30:58.545-03:00" isFolder="false" path="Consulta01.cda" isHidden="false" isSchedulable="true" locale="pt_BR" title="Consulta01.cda"/>
        </ExportManifestProperty>
        <ExportManifestProperty>
            <EntityAcl>
                <entriesInheriting>true</entriesInheriting>
                <owner>admin</owner>
                <ownerType>USER</ownerType>
            </EntityAcl>
        </ExportManifestProperty>
    </ExportManifestEntity>
</ns2:ExportManifest>
